{
  "train_loss": [
    4.3669780690820446,
    4.020541411560393,
    3.8654947140611577,
    3.7429232781140804,
    3.6568098363361203,
    3.5932085180949715,
    3.5379079903816697,
    3.4974676975337546,
    3.474920734223318,
    3.455888633565444,
    3.5192903443614556,
    3.4609075757622842,
    3.405905326192752,
    3.3641986263965773,
    3.3124583848134854,
    3.2600818178270012,
    3.224730023217358,
    3.187007458561445,
    3.1499466329224854,
    3.1137942094395514,
    3.0851990088446306,
    3.060884248975098,
    3.0422828119942955,
    3.01791156152308,
    2.991571760725447,
    2.995191101876355,
    2.9757672229865104,
    2.9552165577898295,
    2.9658905034775223,
    2.950018411061303
  ],
  "train_top1": [
    4.428796442138423,
    9.496896136384695,
    12.702677661447234,
    15.556379134624294,
    17.79857314926341,
    19.494116557027702,
    20.967293616232745,
    21.930881126656164,
    22.523858056147503,
    23.274344482534975,
    20.976558880756045,
    21.930881126656164,
    23.737607708700086,
    25.266376355044933,
    25.87788381358288,
    27.6938756601501,
    29.241174835541557,
    29.991661261929025,
    30.12137496525526,
    31.585286759937,
    32.78050588344297,
    33.07699434818864,
    33.7718891874363,
    34.744741962383024,
    35.560085240433615,
    35.61567682757343,
    35.68979894375984,
    36.75530436393959,
    36.46808116371722,
    36.96840544797554
  ],
  "train_top5": [
    16.992495135736124,
    30.390067636431016,
    37.793013990549426,
    42.175484110071345,
    45.68701936440285,
    47.87362179190216,
    50.59760956175299,
    51.9318076531085,
    52.8490688409154,
    53.62735106087278,
    50.81071064578894,
    52.76568146020569,
    54.387102751783566,
    56.24015565644399,
    56.97211155378486,
    59.473732975076445,
    60.668952098582416,
    61.96608913184471,
    63.34661354581673,
    64.39358843694988,
    65.00509589548781,
    65.7741128509219,
    66.48753821921616,
    67.40479940702308,
    68.10895951079404,
    67.33067729083665,
    68.22940794959696,
    69.02622069860095,
    68.96136384693783,
    68.8779764662281
  ],
  "val_loss": [
    4.1479928096871586,
    3.914002455619142,
    3.7920865959571706,
    3.683896768442036,
    3.6185829914159444,
    3.561516468062936,
    3.484896354473887,
    3.452884472136411,
    3.4072541758589234,
    3.4044310581070176,
    3.5292277195666535,
    3.3682198490907456,
    3.34752236688168,
    3.3475360038237203,
    3.31511337644924,
    3.181175740571674,
    3.22287924345355,
    3.2114777679839106,
    3.1554147823513237,
    3.0466498613092536,
    3.051120090767294,
    3.0160058371532226,
    2.953835794067948,
    2.952219187484577,
    2.936399963000122,
    2.927073966842883,
    2.9136048529315057,
    2.913960382027642,
    2.900006228440247,
    2.8945539441096337
  ],
  "val_top1": [
    6.446832160059281,
    11.41163393849574,
    14.338643942200816,
    16.376435716932196,
    17.747313819933307,
    19.8962578732864,
    21.896998888477214,
    22.341608002964062,
    23.971841422749165,
    24.157095220452018,
    18.858836606150426,
    24.527602815857723,
    25.120414968506854,
    24.71285661356058,
    25.750277880696554,
    30.900333456835867,
    28.04742497221193,
    29.93701370878103,
    30.603927380511305,
    33.30863282697295,
    33.45683586513524,
    34.679510929974064,
    36.2726935902186,
    35.902185994812896,
    36.828454983327156,
    36.828454983327156,
    37.606520933679136,
    37.38421637643572,
    37.64357169321971,
    37.93997776954428
  ],
  "val_top5": [
    24.67580585402001,
    35.0129677658392,
    41.34864764727677,
    45.0907743608744,
    47.499073731011485,
    48.68469803630974,
    52.09336791404223,
    52.90848462393479,
    54.98332715820674,
    55.09447943682846,
    49.46276398666173,
    55.464987032234156,
    56.46535753982956,
    55.39088551315302,
    57.50277880696554,
    60.392738051130046,
    60.24453501296777,
    59.87402741756206,
    62.43052982586143,
    66.39496109670249,
    65.6168951463505,
    67.28417932567618,
    69.72952945535383,
    68.72915894775844,
    69.32197110040755,
    69.87773249351612,
    70.35939236754353,
    70.17413856984068,
    70.65579844386811,
    71.39681363467952
  ]
}