{
  "train_loss": [
    4.313131534323175,
    3.9783421673434973
  ],
  "train_top1": [
    4.8735291392569255,
    10.154729917539147
  ],
  "train_top5": [
    18.456406930417863,
    32.59520059297693
  ],
  "val_loss": [
    4.0199663804256724,
    3.8305278511655114
  ],
  "val_top1": [
    8.781030011115227,
    12.337902927010004
  ],
  "val_top5": [
    33.34568358651352,
    39.08855131530196
  ]
}